Workbook

Sheet Education Web App Elementari
A1: # Fattura | B1: Provincia | C1: Mese | D1: Importo Fattura | E1: Materia | F1: Città | G1: Importo | I1: Domanda | J1: Risposta | K1: Note personali
A2: 22 | B2: Roma | C2: settembre | D2: 2.64 | E2: Storia | F2: =VLOOKUP(B2, Città!A:B, 2, FALSE) -> Roma | G2: =IF(D2>63.91, "Alto", "Basso") -> Basso | H2: 1 | I2: Come si chiama questo foglio? | J2: {=CELL("filename", A1)} -> C:\Users\steno\Downloads\[Excel - Education.xlsx]Education Web App Elementari | K2: Funziona solo se il file è stato salvato almeno una volta
A3: 7 | B3: Roma | C3: marzo | D3: 10.3 | E3: Inglese | F3: =VLOOKUP(B3, Città!A:B, 2, FALSE) -> Roma | G3: =IF(D3>63.91, "Alto", "Basso") -> Basso | H3: 2 | I3: Qual è una qualunque colonna non vuota in questo foglio? | J3: Una colonna priva di valori, stringhe o qualsiasi altro formato di dato | K3: Esempio, colonna L
A4: 13 | B4: Roma | C4: aprile | D4: 12 | E4: Inglese | F4: =VLOOKUP(B4, Città!A:B, 2, FALSE) -> Roma | G4: =IF(D4>63.91, "Alto", "Basso") -> Basso | H4: 3 | I4: Qual è una qualunque riga non vuota in questo foglio? | J4: Una riga priva di valori, stringhe o qualsiasi altro formato di dato | K4: Esempio, Riga 50
A5: 8 | B5: Roma | C5: aprile | D5: 14.03 | E5: Inglese | F5: =VLOOKUP(B5, Città!A:B, 2, FALSE) -> Roma | G5: =IF(D5>63.91, "Alto", "Basso") -> Basso | H5: 4 | I5: Qual è una qualunque cella non vuota in questo foglio? | J5: Una cella priva di valori, stringhe o qualsiasi altro formato di dato | K5: Esempio L1
A6: 15 | B6: Roma | C6: maggio | D6: 23.31 | E6: Matematica | F6: =VLOOKUP(B6, Città!A:B, 2, FALSE) -> Roma | G6: =IF(D6>63.91, "Alto", "Basso") -> Basso | H6: 5 | I6: Qual è il totale delle vendite? (usa una funzione per stabilirlo) | J6: =SUM(D:D) -> 1597.65 | K6: Funzione SOMMA
A7: 6 | B7: Roma | C7: marzo | D7: 31.11 | E7: Storia | F7: =VLOOKUP(B7, Città!A:B, 2, FALSE) -> Roma | G7: =IF(D7>63.91, "Alto", "Basso") -> Basso | H7: 6 | I7: Qual è il totale delle vendite per il mese di giugno? (anche qui usa una funzione) | J7: =SUMIF(C:C, "giugno", D:D) -> 179.77 | K7: Funzione SOMMA.SE
A8: 4 | B8: Roma | C8: febbraio | D8: 32.15 | E8: Scienze | F8: =VLOOKUP(B8, Città!A:B, 2, FALSE) -> Roma | G8: =IF(D8>63.91, "Alto", "Basso") -> Basso | H8: 7 | I8: Ordina le righe in ordine dall’importo più alto al più basso. Qual è la provincia alla riga 15? | J8: La Provincia di Roma [fattura 21 (55,10€)] | K8: Ho applicato il filtro alle colonne e poi ordinato la colonna fattura in valori crescenti
A9: 17 | B9: Milano | C9: giugno | D9: 35.13 | E9: Matematica | F9: =VLOOKUP(B9, Città!A:B, 2, FALSE) -> Milano | G9: =IF(D9>63.91, "Alto", "Basso") -> Basso | H9: 8 | I9: Usa la formattazione condizionale ed evidenziate tutti i valori maggiori di 100 nella colonna degli importi. | J9: Fattura 10, 1, 20, 25, 14, 3 | K9: Home>Formattazione condizionale>Regole Evidenziazione Celle>Maggiore di 100
A10: 19 | B10: Roma | C10: luglio | D10: 35.71 | E10: Storia | F10: =VLOOKUP(B10, Città!A:B, 2, FALSE) -> Roma | G10: =IF(D10>63.91, "Alto", "Basso") -> Basso | H10: 9 | I10: Quanti sono i valori evidenziati? | J10: =COUNTIF(D:D, ">100") -> 6 | K10: Ho usato CONTA.SE(D:D; ">100"), ma essendo pochi dati non era strettamente necessaria l'applicazione di tale formula
A11: 2 | B11: Roma | C11: gennaio | D11: 38.04 | E11: Matematica | F11: =VLOOKUP(B11, Città!A:B, 2, FALSE) -> Roma | G11: =IF(D11>63.91, "Alto", "Basso") -> Basso | H11: 10 | I11: Quante vendite sono state fatte a Milano? (numero delle vendite) (usa una funzione) | J11: =COUNTIF(B:B, "Milano") -> 2 | K11: Funzione CONTA.SE
A12: 9 | B12: Roma | C12: aprile | D12: 47.7 | E12: Scienze | F12: =VLOOKUP(B12, Città!A:B, 2, FALSE) -> Roma | G12: =IF(D12>63.91, "Alto", "Basso") -> Basso | H12: 11 | I12: Quante vendite sono state fatte a Roma ad aprile? (numero delle vendite) (usa una formula simile ma un po’ più complessa) | J12: =COUNTIFS(B:B, "Roma", C:C, "aprile") -> 6 | K12: Funzione CONTA.PIÙ.SE
A13: 18 | B13: Milano | C13: giugno | D13: 52.16 | E13: Geografia | F13: =VLOOKUP(B13, Città!A:B, 2, FALSE) -> Milano | G13: =IF(D13>63.91, "Alto", "Basso") -> Basso | H13: 12 | I13: Quanti corsi di Geografia (somma dell'importo) sono stati venduti a gennaio? | J13: =SUMIFS(D:D, E:E, "Geografia", C:C, "gennaio") -> 250.85 | K13: Funzione SOMMA.PIÙ.SE
A14: 5 | B14: Rieti | C14: febbraio | D14: 52.47 | E14: Inglese | F14: =VLOOKUP(B14, Città!A:B, 2, FALSE) -> Rieti | G14: =IF(D14>63.91, "Alto", "Basso") -> Basso | H14: 13 | I14: Qual è l'importo medio di una fattura? (usa una funzione per calcolarlo) | J14: =AVERAGE(D:D) -> 63.906 | K14: Funzione CONTA.PIÙ.SE
A15: 11 | B15: Roma | C15: aprile | D15: 53.1 | E15: Storia | F15: =VLOOKUP(B15, Città!A:B, 2, FALSE) -> Roma | G15: =IF(D15>63.91, "Alto", "Basso") -> Basso | H15: 14 | I15: Qual è l'importo medio di una fattura se consideriamo soltanto gli scontrini maggiori di €20? (puoi arrotondare il risultato a due cifre decimali) | J15: =AVERAGEIF(D:D, ">20") -> 74.222857 | K15: Funzione MEDIA.SE
A16: 21 | B16: Roma | C16: agosto | D16: 55.1 | E16: Inglese | F16: =VLOOKUP(B16, Città!A:B, 2, FALSE) -> Roma | G16: =IF(D16>63.91, "Alto", "Basso") -> Basso | H16: 15 | I16: Qual è l'importo medio di una fattura se consideriamo soltanto gli scontrini minori di €106? (puoi arrotondare il risultato a due cifre decimali) | J16: =AVERAGEIF(D:D, "<106") -> 44.551053 | K16: Funzione MEDIA.SE
A17: 24 | B17: Roma | C17: novembre | D17: 66.98 | E17: Scienze | F17: =VLOOKUP(B17, Città!A:B, 2, FALSE) -> Roma | G17: =IF(D17>63.91, "Alto", "Basso") -> Alto | H17: 16 | I17: Come vedrai, la colonna Città è vuota. Abbiamo però aggiunto i dati relativi alle città nel secondo foglio. Usa una funzione per popolare la colonna Città con i dati provenienti dal secondo foglio. | J17: "=CERCA.VERT(B2; Città!A:B; 2; FALSO)" per il primo record
A18: 12 | B18: Roma | C18: aprile | D18: 92.42 | E18: Matematica | F18: =VLOOKUP(B18, Città!A:B, 2, FALSE) -> Roma | G18: =IF(D18>63.91, "Alto", "Basso") -> Alto | H18: 17 | I18: Aggiungi una colonna a destra di Città e chiamala Importo. Aggiungi poi una funzione che ci dia un risultato per ogni riga così che ogni importo maggiore di €63,91 ci restituisca il valore “Alto”, e ciascun importo minore di questa cifra ci restituisca il valore “Basso”. | J18: "=SE(D2>63,91; "Alto"; "Basso")" per il primo record, poi si trascina e si applica ai successivi | K18: Funzione SE. Ho notato che 63,91 si riferisce all'importo medio. Ipoteticamente avremmo potuto modificare la funzione basandoci sulla cella relativo al calcolo della media, in questo modo: "=SE(D2>$J$14; "Alto"; "Basso")"
A19: 16 | B19: Roma | C19: giugno | D19: 92.48 | E19: Informatica | F19: =VLOOKUP(B19, Città!A:B, 2, FALSE) -> Roma | G19: =IF(D19>63.91, "Alto", "Basso") -> Alto | H19: 18 | I19: Crea una Tabella Pivot ed aggiungila in un terzo foglio. Aggiungi i mesi nelle righe, le materie nelle colonne e l’importo scontrino nei valori. Qual è il reparto che ha avuto più vendite? (lascia la tabella qui così saremo in grado di vederla) | J19: Inserita nel terzo foglio
A20: 23 | B20: Firenze | C20: settembre | D20: 99.64 | E20: Italiano | F20: =VLOOKUP(B20, Città!A:B, 2, FALSE) -> Firenze | G20: =IF(D20>63.91, "Alto", "Basso") -> Alto | H20: 19 | I20: Inserisci un grafico (quello che ritenete più adatto) per visualizzare le vendite su base mensile | J20: Creato mediante Grafico Pivot | K20: Inserisci>Grafico pivot (mese e importo fattura come assi)
A21: 10 | B21: Roma | C21: aprile | D21: 108 | E21: Geografia | F21: =VLOOKUP(B21, Città!A:B, 2, FALSE) -> Roma | G21: =IF(D21>63.91, "Alto", "Basso") -> Alto | H21: 20 | I21: Guardando il grafico, sai dire durante quale mese ci sono state più vendite? | J21: Aprile
A22: 1 | B22: Roma | C22: gennaio | D22: 110.15 | E22: Geografia | F22: =VLOOKUP(B22, Città!A:B, 2, FALSE) -> Roma | G22: =IF(D22>63.91, "Alto", "Basso") -> Alto
A23: 20 | B23: Napoli | C23: agosto | D23: 113.1 | E23: Italiano | F23: =VLOOKUP(B23, Città!A:B, 2, FALSE) -> Napoli | G23: =IF(D23>63.91, "Alto", "Basso") -> Alto
A24: 25 | B24: Firenze | C24: dicembre | D24: 139.11 | E24: Italiano | F24: =VLOOKUP(B24, Città!A:B, 2, FALSE) -> Firenze | G24: =IF(D24>63.91, "Alto", "Basso") -> Alto
A25: 14 | B25: Roma | C25: maggio | D25: 140.12 | E25: Geografia | F25: =VLOOKUP(B25, Città!A:B, 2, FALSE) -> Roma | G25: =IF(D25>63.91, "Alto", "Basso") -> Alto
A26: 3 | B26: Roma | C26: gennaio | D26: 140.7 | E26: Geografia | F26: =VLOOKUP(B26, Città!A:B, 2, FALSE) -> Roma | G26: =IF(D26>63.91, "Alto", "Basso") -> Alto
A32: Personalmente parlando, uso Excel costantemente in ambito lavorativo, credo sia uno dei software office più comodi e utili in assoluto. Spesso l'ho sfruttato (e tutt'ora lo sfrutto) nella fase di preprocessing dei dati, prima di utilizzare specifiche librerie di python per l'analisi dati. Quando si hanno dati grezzi (ottenuti da terzi), a volte può capitare che ci siano errori nella prima lettura di un file, che impediscono la visualizzazione corretta della matrice di dati. Vuoi che sia una virgola in meno, o una in più, o magari qualcosa di più grave. Mediante excel ritengo sia facile manipolare questi errori. Un altro esempio è quanto si manipolano dei dataset contenenti errori ripetuti (Cose che comunque si possono fare tranquillamente su python, ma sono punti di vista da valutare a seconda del tipo di dato). Inoltre, comunque, è molto comodo per presentare dei dati anche a chi non è totalemente del "mestiere". Grazie per questo corso. Stefano.

Sheet Città
A1: Provincia | B1: Città
A2: Roma | B2: Roma
A3: Milano | B3: Milano
A4: Napoli | B4: Napoli
A5: Firenze | B5: Firenze
A6: Rieti | B6: Rieti

Sheet Tabella Pivot
A3: Somma di Importo Fattura | B3: Etichette di colonna
A4: Mese | B4: Geografia | C4: Informatica | D4: Inglese | E4: Italiano | F4: Matematica | G4: Scienze | H4: Storia | I4: Totale complessivo
A5: gennaio | B5: 250.85 | F5: 38.04 | I5: 288.89
A6: febbraio | D6: 52.47 | G6: 32.15 | I6: 84.62
A7: marzo | D7: 10.3 | H7: 31.11 | I7: 41.41
A8: aprile | B8: 108 | D8: 26.03 | F8: 92.42 | G8: 47.7 | H8: 53.1 | I8: 327.25
A9: maggio | B9: 140.12 | F9: 23.31 | I9: 163.43
A10: giugno | B10: 52.16 | C10: 92.48 | F10: 35.13 | I10: 179.77
A11: luglio | H11: 35.71 | I11: 35.71
A12: agosto | D12: 55.1 | E12: 113.1 | I12: 168.2
A13: settembre | E13: 99.64 | H13: 2.64 | I13: 102.28
A14: novembre | G14: 66.98 | I14: 66.98
A15: dicembre | E15: 139.11 | I15: 139.11
A16: Totale complessivo | B16: 551.13 | C16: 92.48 | D16: 143.9 | E16: 351.85 | F16: 188.9 | G16: 146.83 | H16: 122.56 | I16: 1597.65
